ingreso_mensual_kcop,score_buro,antiguedad_laboral_anios,num_creditos_activos,dti,aprobado
3228.0,723,10.3,1,0.618,0
2871.0,816,19.2,2,0.594,0
4397.0,568,11.1,1,0.602,0
3088.0,804,5.1,2,0.33,0
3865.0,782,3.4,1,0.082,1
2497.0,485,19.2,0,0.541,0
3074.0,666,17.8,1,0.065,0
5070.0,560,23.9,0,0.364,0
4731.0,681,20.2,3,0.126,1
6058.0,629,4.3,1,0.256,0
2423.0,487,18.2,0,0.551,0
4558.0,733,4.9,0,0.332,0
1758.0,555,5.7,0,0.662,0
8691.0,817,12.1,3,0.51,0
2426.0,495,18.8,1,0.532,0
7011.0,611,24.9,0,0.391,0
1535.0,660,1.3,1,0.544,0
2278.0,607,23.9,3,0.44,0
2253.0,589,17.2,0,0.173,0
3617.0,631,6.6,2,0.609,0
3731.0,685,6.6,1,0.16,0
2811.0,682,10.4,0,0.294,1
698.0,638,15.4,2,0.454,0
5863.0,705,19.8,1,0.169,0
3762.0,639,7.1,1,0.182,1
4518.0,739,5.3,0,0.168,1
2595.0,662,15.6,1,0.354,1
2958.0,584,14.7,0,0.52,0
4451.0,558,15.0,0,0.334,0
5177.0,710,24.1,1,0.211,1
4574.0,673,18.2,1,0.196,0
1374.0,707,15.2,0,0.38,0
4931.0,776,17.0,2,0.297,1
3200.0,605,0.3,0,0.44,0
2495.0,558,18.1,2,0.23,0
5593.0,605,13.2,1,0.406,0
4501.0,584,0.7,0,0.344,0
2130.0,777,7.9,1,0.07,1
1460.0,676,0.2,0,0.52,0
1199.0,727,21.9,3,0.489,0
1846.0,536,9.3,1,0.044,0
3225.0,535,5.8,0,0.344,0
1251.0,734,11.9,3,0.573,0
2951.0,594,18.0,0,0.356,0
2123.0,674,19.5,0,0.463,0
3984.0,813,12.1,1,0.668,1
5642.0,577,20.1,1,0.306,0
5615.0,728,15.3,2,0.454,0
3994.0,626,19.8,3,0.371,0
4558.0,689,3.8,0,0.469,1
3715.0,787,14.9,2,0.118,1
6256.0,821,24.9,0,0.457,0
3067.0,708,9.7,0,0.44,1
1943.0,627,2.1,0,0.824,0
3430.0,552,23.2,3,0.411,0
2643.0,850,2.3,3,0.408,0
4844.0,580,0.7,0,0.383,0
4793.0,823,14.6,0,0.187,1
3232.0,713,14.7,1,0.45,0
1659.0,547,19.3,4,0.473,0
4806.0,606,24.5,1,0.657,0
6691.0,632,20.0,1,0.555,0
3978.0,615,19.5,4,0.386,0
6937.0,528,24.2,2,0.649,0
5470.0,850,6.7,2,0.682,1
3761.0,726,18.3,0,0.549,0
2505.0,628,12.7,1,0.725,0
1240.0,588,20.6,2,0.125,0
1577.0,645,17.3,1,0.19,1
3542.0,612,23.1,2,0.463,0
5328.0,598,21.1,1,0.391,0
7852.0,643,15.1,2,0.115,1
3818.0,644,18.8,1,0.414,0
3548.0,473,15.9,1,0.283,0
3407.0,593,13.5,2,0.354,0
4154.0,593,14.2,0,0.445,0
2922.0,604,15.5,0,0.215,0
1915.0,616,2.8,2,0.28,1
6857.0,652,23.6,5,0.522,0
7095.0,680,8.1,0,0.382,0
5900.0,533,23.3,5,0.401,0
3437.0,522,17.6,2,0.185,0
5086.0,528,8.7,2,0.224,0
7224.0,701,6.4,1,0.292,0
6938.0,645,15.8,1,0.315,0
4388.0,685,19.9,1,0.124,1
3842.0,781,2.9,0,0.085,1
1161.0,680,7.2,2,0.228,0
5096.0,613,3.4,2,0.566,0
2508.0,596,15.1,1,0.153,0
1881.0,714,11.8,3,0.295,0
2587.0,618,3.3,1,0.145,0
4168.0,568,16.6,0,0.412,0
2404.0,612,7.0,2,0.293,0
1208.0,636,9.7,3,0.175,0
3607.0,631,2.7,3,0.241,0
2527.0,600,17.8,0,0.51,0
1451.0,604,2.2,1,0.407,0
2751.0,581,12.5,1,0.063,1
904.0,795,11.2,1,0.25,0
4002.0,704,16.6,5,0.592,0
4070.0,704,19.6,4,0.088,0
3401.0,634,23.9,4,0.411,0
4566.0,607,13.7,0,0.39,0
3428.0,806,8.7,0,0.488,0
3241.0,564,10.6,3,0.43,0
4673.0,668,11.2,0,0.173,0
7408.0,574,16.6,0,0.363,0
3434.0,629,5.9,0,0.108,1
4194.0,648,19.4,3,0.273,0
1882.0,812,19.2,1,0.044,1
4496.0,626,20.9,0,0.382,0
2556.0,609,6.2,0,0.522,0
2425.0,547,17.9,2,0.223,0
4373.0,770,14.4,0,0.141,1
2035.0,563,25.0,0,0.501,1
6688.0,727,18.0,2,0.159,1
3508.0,552,23.8,1,0.18,0
2694.0,661,7.2,0,0.56,0
3908.0,749,22.3,2,0.372,1
3439.0,634,17.7,2,0.13,1
2647.0,684,9.8,0,0.31,1
4284.0,613,23.8,2,0.223,1
4920.0,705,15.7,2,0.779,0
4827.0,723,1.1,0,0.361,0
6389.0,539,2.0,0,0.22,0
3114.0,509,23.8,0,0.335,0
1466.0,707,17.8,0,0.122,1
2621.0,620,22.1,3,0.194,1
6310.0,537,2.3,2,0.234,0
7465.0,818,25.2,2,0.1,1
2483.0,738,6.8,1,0.26,1
3589.0,735,4.2,1,0.605,0
6362.0,612,0.7,2,0.293,0
4743.0,714,1.2,0,0.291,0
2910.0,563,22.5,1,0.141,0
3864.0,548,0.1,2,0.173,0
4251.0,504,13.5,1,0.275,0
879.0,547,15.0,2,0.506,0
3281.0,515,9.0,0,0.698,0
3284.0,565,8.3,4,0.111,0
3779.0,720,23.5,4,0.168,0
5980.0,560,20.4,1,0.303,0
5677.0,578,11.2,1,0.375,0
2739.0,661,7.5,0,0.546,0
2135.0,658,22.0,3,0.455,0
4720.0,737,10.5,0,0.414,1
3175.0,598,17.4,0,0.334,0
2844.0,687,11.6,1,0.392,0
5065.0,817,6.9,0,0.167,1
8097.0,702,14.7,0,0.346,1
5225.0,849,6.9,1,0.692,1
6059.0,675,24.0,3,0.175,1
3544.0,637,3.7,3,0.444,0
4730.0,500,20.4,1,0.054,0
4721.0,748,1.2,0,0.331,0
3243.0,509,16.0,1,0.758,0
3355.0,590,13.6,3,0.357,0
5444.0,726,24.5,2,0.217,1
3625.0,470,23.3,1,0.279,0
4497.0,525,20.3,0,0.032,0
5122.0,537,10.1,2,0.423,0
3679.0,630,3.4,3,0.252,0
1862.0,626,17.4,2,0.245,0
2027.0,618,23.6,0,0.74,0
2310.0,701,16.9,0,0.273,1
2736.0,658,22.2,1,0.309,1
3074.0,587,16.2,0,0.374,0
4712.0,658,14.4,1,0.47,0
4577.0,609,23.9,1,0.245,1
7791.0,576,22.2,0,0.388,1
5984.0,634,10.5,0,0.506,0
3879.0,675,0.8,1,0.315,1
3101.0,546,10.9,2,0.457,0
3959.0,636,18.7,1,0.454,0
3944.0,595,7.0,1,0.4,0
3925.0,653,25.2,2,0.391,0
4936.0,684,14.7,1,0.149,1
1481.0,719,17.8,1,0.12,1
4968.0,662,21.0,1,0.093,1
2119.0,709,17.9,2,0.429,1
3182.0,659,10.0,0,0.138,1
3015.0,584,18.5,1,0.331,0
517.0,525,2.5,2,0.319,0
4667.0,603,23.6,1,0.219,1
2724.0,640,25.1,1,0.305,0
3994.0,737,3.3,0,0.247,0
2676.0,713,11.3,0,0.614,0
2360.0,559,8.9,2,0.503,0
5349.0,676,1.2,2,0.177,0
1196.0,731,11.5,3,0.532,0
1788.0,633,13.6,2,0.1,0
4951.0,794,24.2,2,0.57,1
2040.0,610,7.6,0,0.749,0
3049.0,485,8.5,2,0.505,0
3869.0,638,8.0,0,0.547,0
8077.0,809,22.9,3,0.228,1
1902.0,641,19.2,2,0.272,0
4835.0,472,15.8,0,0.229,0
1364.0,576,0.5,0,0.374,0
3150.0,737,23.2,1,0.286,1
2819.0,702,5.6,0,0.164,1
4596.0,774,24.5,3,0.266,0
4693.0,640,7.7,1,0.215,0
2501.0,663,2.3,2,0.472,0
3688.0,493,10.3,1,0.19,0
5678.0,518,13.1,1,0.127,0
2394.0,503,23.6,0,0.373,0
3279.0,580,13.5,1,0.461,1
4456.0,563,10.7,1,0.536,0
2348.0,608,1.5,0,0.086,0
710.0,646,14.9,3,0.371,0
3014.0,699,2.9,0,0.672,0
2676.0,517,18.8,2,0.391,0
5561.0,729,5.3,3,0.552,1
5677.0,574,1.3,1,0.656,0
6137.0,633,19.3,2,0.442,0
4635.0,600,15.1,2,0.259,0
7269.0,573,11.5,1,0.494,1
5962.0,749,4.6,0,0.609,1
4954.0,657,11.8,1,0.484,1
7319.0,697,7.0,1,0.263,1
2689.0,596,0.1,3,0.321,0
6293.0,751,4.0,1,0.719,1
4272.0,599,0.5,1,0.335,0
6050.0,642,21.0,1,0.526,0
2267.0,691,17.1,0,0.276,1
3629.0,701,2.0,1,0.13,1
4055.0,696,16.6,4,0.539,0
3214.0,581,5.4,1,0.16,0
4423.0,676,11.9,1,0.311,0
566.0,549,2.2,2,0.348,0
2025.0,666,10.3,2,0.673,0
3394.0,813,8.7,0,0.453,0
3223.0,647,8.4,1,0.161,0
3450.0,548,3.8,3,0.275,0
1178.0,692,6.5,1,0.213,0
7410.0,695,7.1,2,0.28,1
2114.0,680,15.3,1,0.568,0
7345.0,588,21.8,1,0.348,0
3534.0,753,7.1,0,0.469,0
3819.0,787,5.4,1,0.249,1
2474.0,353,21.0,2,0.421,0
1757.0,711,7.1,0,0.337,0
6916.0,700,8.0,0,0.408,0
1815.0,700,8.3,2,0.465,0
2458.0,698,14.0,1,0.289,1
4822.0,799,9.9,0,0.257,1
3596.0,575,13.1,1,0.456,1
993.0,638,17.8,0,0.552,0
6893.0,650,3.0,3,0.663,0
1944.0,579,22.5,1,0.471,0
3999.0,567,4.7,2,0.184,0
4563.0,700,15.3,3,0.089,0
3250.0,458,13.0,2,0.476,0
5487.0,599,24.3,4,0.162,0
3627.0,766,5.9,0,0.503,0
2399.0,629,3.8,2,0.156,0
3926.0,586,7.2,1,0.422,0
2864.0,548,19.0,0,0.418,0
2885.0,597,18.4,0,0.355,0
2402.0,600,1.0,1,0.365,0
5617.0,564,8.1,1,0.297,0
9416.0,725,9.1,0,0.154,1
863.0,689,2.2,2,0.165,0
4054.0,621,2.4,0,0.349,0
1413.0,654,0.5,1,0.364,0
4624.0,568,10.8,1,0.567,0
5271.0,739,4.7,1,0.481,0
3800.0,827,12.8,1,0.672,1
1569.0,708,15.5,1,0.363,0
6374.0,566,1.5,1,0.409,0
2721.0,837,2.6,2,0.391,0
2589.0,742,18.3,0,0.482,1
1185.0,778,12.6,0,0.353,1
4718.0,499,20.1,2,0.053,0
10237.0,579,17.7,3,0.802,0
4613.0,659,14.0,2,0.155,0
7813.0,792,17.3,1,0.152,0
4430.0,488,8.2,0,0.491,0
3139.0,694,16.1,2,0.464,0
4348.0,593,0.4,0,0.331,0
5006.0,760,10.1,0,0.385,1
1529.0,677,0.5,2,0.518,0
3233.0,549,23.6,3,0.401,0
8967.0,647,7.2,2,0.152,0
3975.0,657,22.4,0,0.333,1
6243.0,723,24.4,1,0.373,1
5120.0,730,3.7,1,0.305,1
7367.0,639,10.9,1,0.298,0
2789.0,693,6.8,1,0.362,1
2318.0,708,19.9,2,0.43,0
4124.0,620,0.1,1,0.235,0
3054.0,802,0.6,1,0.18,1
1998.0,643,16.6,1,0.687,0
4356.0,777,14.2,1,0.13,1
4102.0,580,19.4,1,0.133,0
3564.0,659,9.4,1,0.426,0
3994.0,732,3.1,1,0.25,0
4786.0,627,25.0,1,0.319,1
3016.0,614,14.2,0,0.28,0
1973.0,713,10.0,3,0.114,1
3844.0,527,11.2,3,0.516,0
3958.0,526,23.5,0,0.69,0
6912.0,646,15.2,1,0.31,0
2255.0,643,10.5,2,0.694,0
2977.0,625,13.4,1,0.545,0
2640.0,628,1.5,3,0.265,0
4468.0,680,22.0,2,0.245,1
2903.0,803,1.3,1,0.131,1
4905.0,724,10.8,1,0.425,1
3158.0,635,17.6,0,0.214,1
1251.0,602,21.1,3,0.126,0
4156.0,606,1.0,1,0.179,0
6795.0,634,11.4,1,0.459,0
1681.0,705,15.1,1,0.381,0
6491.0,824,24.8,1,0.47,0
3448.0,576,15.5,0,0.106,0
6268.0,607,1.3,2,0.302,0
3284.0,543,11.4,4,0.46,0
4820.0,539,10.8,3,0.43,0
5652.0,615,13.3,0,0.383,0
4313.0,775,15.3,1,0.028,1
2134.0,687,11.8,2,0.497,0
2113.0,686,11.4,2,0.462,0
7146.0,691,7.5,1,0.286,1
2564.0,717,21.0,1,0.273,1
3374.0,479,19.3,4,0.315,0
4265.0,739,11.8,0,0.147,1
4432.0,771,14.3,1,0.127,1
6789.0,575,14.9,1,0.536,0
3938.0,606,19.5,4,0.397,0
3128.0,711,14.5,1,0.466,0
3412.0,682,16.3,1,0.466,0
6642.0,558,3.3,2,0.238,0
3030.0,591,24.5,0,0.244,1
5822.0,593,10.9,2,0.147,1
2084.0,568,24.8,0,0.498,1
7806.0,612,5.5,1,0.561,0
4990.0,657,6.3,0,0.302,0
3564.0,594,0.9,3,0.168,0
4666.0,660,4.0,1,0.385,0
2888.0,573,2.4,2,0.432,0
2457.0,685,24.2,0,0.139,1
6287.0,649,20.5,0,0.469,0
3654.0,490,13.1,1,0.376,0
4548.0,646,20.2,3,0.393,0
787.0,825,1.1,3,0.229,1
3448.0,740,4.6,0,0.575,0
1764.0,732,15.5,0,0.198,0
3213.0,684,17.3,4,0.458,0
4408.0,650,4.2,2,0.407,0
6880.0,650,8.2,2,0.02,1
4025.0,639,7.9,1,0.507,0
4901.0,587,1.3,0,0.214,1
2803.0,719,16.8,2,0.159,1
7733.0,645,7.3,2,0.455,0
3744.0,771,0.7,5,0.353,1
2935.0,562,8.4,4,0.568,0
1969.0,612,23.3,0,0.7,0
4921.0,674,15.0,2,0.146,0
3102.0,601,5.1,2,0.513,0
2172.0,699,22.6,0,0.565,1
4529.0,693,19.9,2,0.116,1
7007.0,739,9.1,2,0.521,0
4986.0,696,24.5,0,0.197,1
3291.0,667,3.3,6,0.14,1
2863.0,652,16.0,0,0.477,0
5378.0,669,7.6,2,0.366,1
2934.0,664,24.0,0,0.149,1
2423.0,758,10.2,2,0.338,1
6741.0,515,13.6,0,0.329,0
928.0,554,24.9,5,0.203,0
1873.0,619,16.8,1,0.237,0
7629.0,648,11.1,0,0.27,0
3965.0,705,20.9,2,0.584,0
4891.0,790,9.7,0,0.27,1
3948.0,640,7.7,1,0.55,0
1890.0,606,1.8,1,0.817,0
2957.0,558,8.1,3,0.624,0
3855.0,582,11.9,1,0.809,0
2347.0,622,24.3,2,0.477,0
5216.0,730,12.3,1,0.19,1
1938.0,638,21.4,3,0.306,0
2662.0,568,12.6,0,0.064,1
2560.0,592,0.0,2,0.331,0
1103.0,712,13.6,2,0.262,1
3603.0,547,24.1,2,0.187,0
4689.0,660,14.6,0,0.107,0
2834.0,589,18.3,0,0.354,0
5663.0,632,19.5,1,0.166,0
2984.0,655,5.0,2,0.187,0
6001.0,756,1.8,3,0.758,0
5265.0,757,4.4,1,0.48,0
4281.0,580,15.7,0,0.253,0
6925.0,660,23.8,3,0.553,0
4784.0,730,6.5,3,0.363,0
1960.0,620,23.7,0,0.697,0
3202.0,799,0.0,0,0.184,1
3900.0,615,10.0,0,0.505,0
6869.0,503,14.8,0,0.337,0
5657.0,608,17.5,2,0.398,0
4166.0,598,17.4,0,0.405,0
4517.0,684,14.7,2,0.092,0
6521.0,524,13.4,0,0.321,0
6048.0,737,3.8,0,0.671,1
6496.0,611,10.3,2,0.535,0
2273.0,640,22.0,3,0.392,0
1348.0,790,8.8,0,0.353,1
2609.0,850,2.3,3,0.381,0
2449.0,607,15.3,1,0.149,0
4682.0,701,13.6,0,0.251,1
7317.0,693,12.3,0,0.293,0
1893.0,684,23.1,2,0.337,0
2079.0,700,10.1,1,0.124,1
2459.0,808,3.8,0,0.066,0
5090.0,618,23.8,2,0.616,0
2141.0,511,10.0,1,0.227,1
5143.0,623,14.8,1,0.256,0
4708.0,580,16.9,1,0.382,1
3764.0,754,11.4,2,0.165,0
4830.0,612,7.1,0,0.339,0
3029.0,589,19.9,0,0.436,0
3131.0,650,12.0,0,0.426,1
8928.0,725,19.4,2,0.441,1
2911.0,717,8.0,2,0.614,0
3739.0,766,11.9,0,0.585,0
5408.0,650,13.4,2,0.339,0
3024.0,673,16.7,0,0.403,0
4061.0,737,22.7,2,0.359,1
5142.0,642,4.9,1,0.334,0
1955.0,694,17.4,2,0.438,1
2675.0,642,3.1,2,0.376,0
5308.0,695,2.9,1,0.125,0
5664.0,690,20.4,1,0.261,0
3049.0,633,0.7,1,0.298,0
6529.0,534,13.5,0,0.315,0
5703.0,739,2.1,3,0.276,0
6984.0,758,0.7,0,0.143,1
1628.0,633,17.0,2,0.193,1
4589.0,826,7.0,0,0.174,1
4022.0,848,15.6,3,0.2,1
6539.0,650,10.9,2,0.476,0
3105.0,721,10.6,1,0.65,0
5067.0,731,6.6,2,0.358,0
1246.0,709,13.0,0,0.325,0
3675.0,698,6.2,2,0.153,0
2470.0,492,19.1,0,0.542,0
1945.0,522,20.0,0,0.489,0
3166.0,577,1.1,1,0.324,0
4429.0,570,14.7,0,0.328,0
591.0,765,14.9,0,0.234,0
1925.0,612,7.0,2,0.633,0
6956.0,687,8.1,2,0.316,0
4275.0,574,15.8,0,0.265,0
3035.0,568,22.8,1,0.139,0
2508.0,552,17.8,1,0.211,0
3798.0,634,19.8,1,0.388,0
1888.0,621,22.8,0,0.276,0
2591.0,628,1.0,3,0.259,0
4059.0,484,5.2,2,0.575,0
4273.0,614,15.0,1,0.286,0
2355.0,691,22.7,2,0.41,0
4336.0,497,4.1,1,0.075,0
3759.0,549,15.4,0,0.034,1
5197.0,709,3.7,2,0.542,0
2051.0,706,9.9,2,0.109,1
2660.0,629,0.9,4,0.277,0
8752.0,724,23.3,1,0.359,0
4741.0,685,23.7,1,0.585,0
4529.0,771,14.5,0,0.025,1
4720.0,695,15.4,3,0.087,0
3797.0,530,11.1,2,0.508,0
1984.0,770,0.2,5,0.248,0
3843.0,667,17.5,2,0.35,0
3007.0,682,22.1,2,0.647,0
2888.0,803,2.2,1,0.126,1
2954.0,563,2.4,0,0.26,0
5709.0,786,15.1,2,0.042,1
1177.0,722,20.2,1,0.329,1
3656.0,669,11.4,0,0.309,1
251.0,591,20.7,1,0.26,0
5630.0,666,18.5,0,0.286,1
3912.0,579,10.9,1,0.59,0
1776.0,689,24.8,2,0.387,1
3453.0,581,5.9,1,0.156,0
4221.0,607,1.5,1,0.266,0
3573.0,605,23.2,2,0.438,0
2831.0,603,24.9,0,0.41,0
2841.0,691,9.3,0,0.301,1
2518.0,622,21.6,1,0.396,1
1196.0,729,11.3,4,0.546,0
5848.0,756,4.8,1,0.618,1
1667.0,637,2.0,0,0.434,0
2670.0,681,20.1,0,0.534,0
5528.0,676,25.0,3,0.75,0
3208.0,505,15.8,1,0.794,0
1530.0,576,19.3,1,0.254,0
1870.0,702,7.9,1,0.482,0
6158.0,655,16.2,2,0.472,0
4708.0,631,19.3,1,0.064,1
3012.0,688,22.8,2,0.669,0
4187.0,555,16.0,0,0.034,1
4443.0,713,5.8,0,0.086,0
2777.0,685,18.0,1,0.156,0
3288.0,608,19.0,0,0.311,0
2929.0,577,14.9,1,0.337,0
3807.0,706,19.0,0,0.723,0
7393.0,626,10.4,0,0.266,0
3726.0,542,9.8,1,0.767,0
3995.0,629,18.1,3,0.709,0
2958.0,792,5.2,2,0.3,0
3546.0,754,0.6,3,0.342,1
1462.0,584,19.1,1,0.238,0
5137.0,639,10.7,1,0.202,0
2634.0,838,18.8,3,0.114,1
6765.0,649,4.1,3,0.753,0
3563.0,613,20.6,4,0.067,0
5722.0,712,23.6,1,0.812,0
6812.0,766,0.8,0,0.151,1
3321.0,622,18.1,4,0.128,1
3964.0,657,22.4,1,0.315,1
1198.0,687,14.3,1,0.375,0
6326.0,554,21.3,2,0.311,0
8288.0,665,6.7,2,0.249,0
2884.0,581,24.3,2,0.239,0
7886.0,574,11.9,0,0.503,1
4923.0,597,14.3,0,0.371,0
6752.0,777,13.2,3,0.303,0
4296.0,596,1.3,1,0.25,0
5861.0,630,13.4,0,0.704,0
6457.0,661,5.6,0,0.336,0
3505.0,637,4.0,3,0.473,0
245.0,579,20.8,0,0.272,0
2674.0,685,2.1,1,0.495,0
6390.0,701,20.1,2,0.233,0
3591.0,682,23.1,1,0.484,0
3894.0,710,22.6,1,0.523,0
4613.0,673,17.6,2,0.192,0
4010.0,480,5.1,1,0.59,0
2381.0,703,8.0,1,0.31,0
4033.0,729,3.1,2,0.237,0
2511.0,547,17.2,2,0.236,0
1923.0,612,23.5,0,0.742,0
4958.0,687,14.0,1,0.133,1
2198.0,694,5.4,1,0.574,0
2411.0,732,0.9,2,0.246,0
4625.0,736,4.9,2,0.342,0
9551.0,658,0.0,0,0.264,0
5469.0,568,1.0,2,0.658,0
6493.0,697,23.1,1,0.406,1
2458.0,794,4.0,0,0.07,0
4290.0,637,23.7,0,0.649,1
4688.0,683,21.3,1,0.568,1
4588.0,640,9.3,1,0.147,0
1164.0,638,10.3,4,0.176,0
1969.0,636,7.0,1,0.207,1
3866.0,673,0.3,2,0.289,1
3716.0,519,11.0,3,0.528,0
2940.0,554,8.5,2,0.628,0
5836.0,850,24.7,2,0.323,1
2717.0,575,6.3,0,0.211,0
4741.0,750,9.8,1,0.356,1
4075.0,651,9.8,1,0.152,0
3764.0,689,16.1,3,0.336,0
5214.0,593,19.8,2,0.48,0
7789.0,696,16.4,2,0.281,0
3722.0,675,18.4,0,0.157,1
5473.0,733,5.2,1,0.484,0
7776.0,630,7.1,0,0.21,1
3785.0,607,4.8,0,0.581,0
4762.0,602,2.8,0,0.302,1
5759.0,551,8.9,2,0.419,0
9381.0,717,18.6,3,0.386,1
4865.0,822,6.7,0,0.443,1
5079.0,685,19.7,3,0.499,0
2536.0,721,0.7,1,0.269,0
3711.0,509,19.2,2,0.327,0
5132.0,582,24.6,4,0.201,0
3715.0,802,8.7,3,0.311,0
3417.0,549,4.0,3,0.262,0
2407.0,587,11.4,2,0.321,0
4552.0,664,23.6,0,0.323,0
5486.0,550,20.4,6,0.359,0
2271.0,568,5.5,1,0.707,0
2423.0,719,21.0,1,0.265,1
2217.0,567,4.8,0,0.684,0
4829.0,587,24.4,4,0.182,0
4510.0,682,17.7,2,0.197,0
2157.0,733,5.1,2,0.209,0
6873.0,657,1.0,1,0.511,0
2250.0,613,0.0,4,0.162,0
3904.0,538,0.1,2,0.177,0
4284.0,663,9.7,0,0.585,0
4701.0,488,19.9,1,0.049,0
4146.0,749,21.0,1,0.187,1
6078.0,540,1.9,1,0.22,0
3294.0,489,22.6,0,0.322,0
7960.0,618,5.2,1,0.538,0
3699.0,609,11.9,1,0.164,0
2204.0,607,17.1,0,0.159,0
4273.0,675,4.8,3,0.666,0
5642.0,765,2.0,1,0.707,0
6442.0,559,21.1,3,0.315,0
6445.0,525,3.1,4,0.068,0
3545.0,609,1.1,2,0.105,1
2968.0,804,1.1,0,0.131,1
1212.0,628,10.8,4,0.171,0
7419.0,646,6.9,1,0.519,0
1489.0,616,2.2,0,0.42,0
7961.0,831,12.4,0,0.287,1
7047.0,534,23.1,3,0.674,0
1992.0,631,12.1,1,0.196,0
6136.0,476,7.6,2,0.128,0
4345.0,508,19.9,0,0.028,0
1443.0,718,22.0,3,0.649,0
2253.0,666,25.0,2,0.268,1
2206.0,728,24.3,3,0.307,1
5157.0,697,24.4,0,0.189,1
3232.0,750,12.2,2,0.205,0
2007.0,727,10.0,1,0.484,0
7861.0,588,22.0,1,0.385,1
1056.0,727,17.3,0,0.436,0
3635.0,630,20.0,2,0.385,0
4670.0,665,7.7,1,0.041,1
6833.0,696,20.1,1,0.222,0
4361.0,736,5.4,1,0.178,1
1082.0,694,20.4,1,0.15,1
2347.0,590,20.6,1,0.772,0
3433.0,581,10.9,1,0.145,1
4653.0,588,18.1,2,0.13,0
269.0,583,20.9,0,0.268,0
2561.0,743,1.0,2,0.251,0
7692.0,626,0.0,3,0.023,0
4303.0,667,15.3,2,0.723,0
4858.0,629,3.8,2,0.587,0
9488.0,734,9.0,1,0.16,1
2903.0,562,18.8,0,0.433,0
2516.0,385,21.5,3,0.442,0
4047.0,723,20.1,4,0.089,0
4708.0,665,14.4,0,0.108,0
3995.0,698,3.3,4,0.204,0
2120.0,632,21.4,0,0.345,0
2859.0,548,3.2,1,0.226,0
5138.0,535,21.8,3,0.354,0
1143.0,696,14.6,1,0.349,0
1013.0,737,13.7,3,0.269,1
6834.0,762,1.1,0,0.143,1
2922.0,672,12.5,2,0.13,1
542.0,535,2.6,2,0.34,0
913.0,791,11.8,2,0.272,0
4065.0,704,16.7,2,0.34,0
1228.0,588,20.6,4,0.128,0
4834.0,633,24.7,1,0.325,1
765.0,703,9.3,4,0.737,0
4600.0,571,16.5,1,0.413,1
3077.0,567,2.9,0,0.246,0
3814.0,474,10.4,3,0.5,0
3737.0,645,2.8,2,0.229,0
1956.0,799,22.2,0,0.096,1
7752.0,691,15.3,1,0.328,1
4509.0,633,13.1,0,0.218,0
4058.0,705,19.0,2,0.512,0
4702.0,568,11.1,1,0.753,0
2318.0,640,1.9,0,0.649,0
2361.0,627,21.3,0,0.393,1
3820.0,685,10.9,2,0.298,1
3812.0,560,12.4,0,0.709,0
3194.0,640,21.6,2,0.534,0
3970.0,665,15.9,0,0.709,0
1091.0,506,23.3,0,0.637,0
5815.0,557,8.4,0,0.385,0
4246.0,679,5.2,2,0.731,0
4795.0,687,14.3,2,0.132,1
2555.0,489,21.1,2,0.116,0
3192.0,565,13.2,2,0.533,0
1248.0,781,14.1,1,0.28,1
3122.0,597,25.2,1,0.332,0
4070.0,592,7.4,0,0.343,0
7683.0,664,9.7,1,0.594,0
5169.0,757,23.8,1,0.496,1
1234.0,621,10.4,4,0.166,0
3901.0,772,0.8,2,0.281,1
5689.0,850,25.0,3,0.327,1
3198.0,612,4.3,1,0.082,0
8559.0,710,23.1,2,0.351,0
3334.0,590,23.5,1,0.636,0
2382.0,765,10.6,1,0.602,0
3544.0,651,23.1,5,0.616,0
4006.0,848,15.5,4,0.199,1
3732.0,623,21.2,5,0.065,0
5822.0,766,17.1,1,0.291,0
4246.0,561,21.1,0,0.323,0
3805.0,591,12.5,0,0.534,0
2912.0,521,20.2,4,0.286,0
7439.0,592,14.2,3,0.214,0
4147.0,725,20.9,0,0.186,1
2400.0,496,19.5,1,0.518,0
5009.0,678,11.1,2,0.171,0
2730.0,656,12.8,1,0.129,1
3982.0,546,12.0,0,0.742,0
3246.0,667,20.4,1,0.207,1
1772.0,676,23.1,2,0.34,0
1957.0,774,0.8,4,0.238,0
4652.0,684,14.1,1,0.147,1
6846.0,515,15.5,0,0.312,0
8354.0,737,2.8,0,0.379,1
2771.0,826,8.6,2,0.306,1
3396.0,762,7.0,0,0.513,0
2040.0,630,7.9,0,0.335,0
5646.0,691,23.7,4,0.167,1
3507.0,543,3.3,0,0.364,0
5216.0,724,12.3,2,0.171,1
5662.0,734,4.7,0,0.599,1
6041.0,629,13.8,1,0.691,0
3095.0,606,24.6,0,0.427,0
2105.0,773,7.9,1,0.075,1
4633.0,655,5.4,0,0.481,1
5383.0,654,24.0,1,0.437,0
2988.0,741,23.5,4,0.189,1
3742.0,575,12.6,0,0.519,0
5712.0,590,24.6,3,0.177,0
3679.0,650,13.7,0,0.309,0
3290.0,634,20.1,2,0.116,0
2506.0,710,19.9,1,0.047,1
4879.0,571,13.9,1,0.544,0
5801.0,590,24.6,3,0.169,0
4813.0,674,17.8,1,0.193,0
2995.0,794,0.0,0,0.18,1
2450.0,683,14.1,2,0.309,1
2534.0,670,2.5,1,0.475,0
1340.0,798,9.0,0,0.361,1
2874.0,623,6.9,1,0.326,0
6331.0,648,1.1,2,0.391,0
3084.0,681,18.4,0,0.063,0
3207.0,572,24.5,2,0.343,0
3476.0,529,3.3,1,0.339,0
5004.0,689,0.4,0,0.563,0
7482.0,648,9.6,2,0.617,0
5058.0,686,22.1,2,0.594,1
3642.0,610,18.7,0,0.294,0
2914.0,629,8.4,2,0.676,0
5453.0,722,14.6,2,0.277,0
4723.0,534,25.0,2,0.704,0
3545.0,604,17.0,0,0.476,1
2999.0,682,11.2,0,0.335,1
4802.0,618,4.8,1,0.264,0
4848.0,818,7.2,2,0.451,1
3286.0,586,9.3,1,0.338,0
3191.0,545,23.0,4,0.393,0
3422.0,555,23.5,3,0.396,0
4668.0,659,14.8,0,0.109,0
5099.0,755,1.7,0,0.173,0
2780.0,770,8.3,0,0.512,1
7850.0,693,16.8,1,0.263,0
4895.0,629,15.3,2,0.261,0
1884.0,638,7.0,2,0.22,1
4275.0,718,19.7,3,0.098,0
3873.0,619,19.6,3,0.39,0
2172.0,658,21.9,3,0.455,0
5145.0,642,13.2,3,0.353,0
10808.0,741,0.7,1,0.119,0
4261.0,648,10.1,0,0.582,0
1221.0,685,12.9,0,0.338,0
3339.0,637,3.7,1,0.34,0
4383.0,539,6.1,3,0.509,0
2773.0,769,8.3,1,0.548,1
2561.0,636,13.2,1,0.674,0
4257.0,636,9.7,0,0.449,0
3889.0,623,10.0,0,0.46,0
2169.0,565,24.7,0,0.532,1
4706.0,490,19.8,1,0.057,0
3888.0,555,4.0,1,0.212,0
4345.0,774,14.4,1,0.129,1
2445.0,499,23.4,1,0.362,0
3812.0,594,4.9,2,0.381,0
7475.0,607,21.9,1,0.303,0
7886.0,623,5.2,1,0.532,0
5607.0,563,8.5,1,0.397,0
4228.0,546,17.9,0,0.647,0
5018.0,477,14.8,0,0.23,0
3247.0,557,25.1,1,0.352,0
985.0,724,17.9,0,0.434,0
5440.0,589,9.2,1,0.546,0
7070.0,656,3.4,3,0.727,0
4090.0,619,14.1,3,0.099,0
2258.0,732,17.1,2,0.528,0
5199.0,646,6.7,1,0.32,1
6343.0,775,13.0,2,0.324,0
3084.0,665,10.1,0,0.138,1
7171.0,495,13.9,2,0.36,0
2776.0,659,14.5,3,0.044,0
2550.0,825,18.7,1,0.102,1
3655.0,666,0.4,2,0.315,0
5117.0,612,9.0,4,0.192,0
7798.0,587,16.8,0,0.41,0
6171.0,548,20.8,2,0.12,0
8125.0,682,15.1,0,0.347,1
4726.0,618,19.0,0,0.062,1
1497.0,673,0.7,0,0.541,0
4071.0,593,25.1,4,0.571,0
2306.0,723,15.7,0,0.179,0
4477.0,678,14.0,0,0.206,0
1836.0,703,22.1,2,0.549,0
1994.0,684,8.3,1,0.178,0
1958.0,567,22.9,2,0.448,0
4293.0,662,1.9,2,0.162,0
1390.0,610,2.2,2,0.384,0
3097.0,607,4.5,2,0.538,0
4052.0,622,18.0,3,0.641,0
4405.0,775,24.9,3,0.251,0
3191.0,574,19.4,1,0.403,0
7230.0,547,16.7,3,0.551,0
3334.0,733,22.9,1,0.295,1
4916.0,742,9.7,1,0.39,1
2096.0,575,17.5,0,0.155,0
1498.0,734,6.6,0,0.07,1
3174.0,588,24.1,0,0.258,1
3518.0,505,15.5,2,0.274,0
6605.0,722,13.4,1,0.225,0
8562.0,817,12.1,2,0.499,0
4920.0,602,24.8,0,0.598,0
1677.0,697,19.6,2,0.589,0
2236.0,610,16.5,3,0.376,0
3164.0,595,1.1,0,0.429,0
4577.0,568,1.5,2,0.566,0
4806.0,623,4.4,1,0.218,0
2455.0,619,21.6,1,0.371,1
4167.0,744,3.0,1,0.228,0
1697.0,529,21.9,1,0.355,1
4417.0,551,17.8,2,0.136,0
8223.0,597,8.2,2,0.318,0
1377.0,595,19.1,1,0.246,0
4729.0,794,16.8,1,0.758,0
4096.0,564,10.7,2,0.602,0
1596.0,598,17.2,0,0.308,0
2022.0,621,8.1,2,0.751,0
1573.0,657,0.7,1,0.519,0
1002.0,527,14.4,1,0.379,0
3859.0,706,15.4,1,0.313,0
2367.0,730,9.0,0,0.595,0
3070.0,453,0.9,4,0.407,0
5532.0,591,16.3,1,0.591,0
4633.0,590,0.6,0,0.341,0
4597.0,546,11.8,0,0.734,0
4884.0,643,24.2,1,0.324,1
3323.0,657,7.1,0,0.13,1
6740.0,518,16.4,2,0.239,0
3044.0,591,19.1,0,0.413,0
2100.0,700,22.3,0,0.618,1
4217.0,572,19.5,4,0.151,1
5735.0,735,2.3,3,0.131,0
10602.0,669,9.6,3,0.311,0
4928.0,580,24.3,3,0.206,0
3434.0,639,3.4,4,0.228,0
3830.0,742,15.6,3,0.612,0
8146.0,620,7.8,0,0.196,1
4033.0,662,19.6,2,0.243,1
5632.0,557,1.1,1,0.704,0
1986.0,729,6.9,0,0.158,1
6719.0,686,13.5,3,0.223,0
7227.0,701,23.9,0,0.359,0
2752.0,615,9.0,2,0.725,0
2617.0,605,8.8,1,0.651,0
2372.0,758,16.8,0,0.39,1
5418.0,723,2.3,3,0.13,0
9742.0,542,14.3,1,0.496,0
4332.0,543,17.8,0,0.645,0
5793.0,755,2.6,0,0.253,0
3225.0,589,1.9,1,0.326,0
1243.0,596,19.7,2,0.118,0
2705.0,723,24.7,0,0.672,0
2605.0,697,6.0,0,0.158,1
7173.0,669,15.4,2,0.261,0
1928.0,630,7.3,1,0.203,1
2938.0,673,16.8,0,0.437,0
2149.0,614,1.8,1,0.235,1
2996.0,665,5.6,1,0.202,0
1146.0,737,2.2,2,0.514,0
2456.0,610,5.6,3,0.163,1
2929.0,622,5.6,2,0.523,0
5279.0,560,10.5,2,0.378,0
2383.0,661,19.3,2,0.516,0
4075.0,735,24.1,5,0.171,0
3114.0,569,21.9,0,0.516,1
6465.0,604,1.6,2,0.294,0
1603.0,604,8.4,2,0.48,1
5849.0,605,17.2,2,0.424,0
2067.0,693,9.5,1,0.123,1
5231.0,678,3.4,0,0.325,0
4582.0,689,24.0,3,0.585,0
4349.0,782,13.9,1,0.126,1
5108.0,664,6.9,2,0.308,1
3248.0,697,5.4,2,0.431,0
4831.0,673,18.3,1,0.187,0
2588.0,850,2.1,2,0.354,0
3120.0,620,19.5,0,0.388,0
2347.0,660,24.6,1,0.266,1
3411.0,810,13.9,2,0.265,1
10683.0,674,9.1,4,0.314,0
2602.0,536,18.1,2,0.209,0
3426.0,645,14.2,1,0.367,0
5047.0,754,5.6,1,0.289,1
1969.0,572,10.7,4,0.195,0
2573.0,629,22.2,3,0.203,1
6537.0,623,13.3,1,0.719,0
2967.0,621,7.8,1,0.486,0
3538.0,664,18.8,1,0.169,1
3882.0,611,17.4,1,0.451,1
4723.0,628,7.5,3,0.245,0
5799.0,566,19.9,0,0.285,0
3630.0,666,18.3,0,0.16,1
3387.0,608,24.0,2,0.431,0
2045.0,614,7.9,1,0.753,0
5243.0,542,19.4,0,0.369,0
2919.0,556,23.5,2,0.607,0
4928.0,712,10.6,1,0.414,1
3040.0,608,0.8,1,0.314,0
3138.0,766,11.5,2,0.213,0
6444.0,525,5.7,0,0.698,0
6304.0,735,20.4,1,0.194,1
3364.0,604,13.6,1,0.321,0
3606.0,544,3.4,4,0.261,0
3334.0,594,22.9,1,0.661,0
3892.0,552,12.1,1,0.759,0
2504.0,664,18.2,2,0.306,1
2845.0,590,12.5,0,0.062,1
5068.0,742,22.0,3,0.402,1
6362.0,664,1.5,1,0.504,0
3858.0,566,20.1,0,0.188,1
6792.0,785,13.4,3,0.308,0
2084.0,680,8.6,0,0.191,0
3975.0,572,6.6,2,0.743,0
10915.0,529,5.6,0,0.535,0
2133.0,745,6.3,0,0.168,1
3595.0,537,22.4,0,0.202,0
2834.0,607,8.7,1,0.634,0
2876.0,689,13.4,2,0.244,1
3099.0,699,16.7,2,0.41,0
2733.0,576,6.1,0,0.191,0
4232.0,701,11.7,3,0.306,0
2115.0,735,1.4,2,0.348,1
6373.0,634,4.2,2,0.258,0
1165.0,734,19.8,1,0.3,1
5324.0,537,10.6,2,0.443,0
2329.0,698,24.6,0,0.142,1
8337.0,661,6.4,3,0.252,0
4118.0,617,0.6,1,0.181,0
5422.0,525,6.8,1,0.122,0
3902.0,543,3.5,2,0.215,0
3117.0,668,11.4,1,0.251,0
2813.0,646,17.4,1,0.453,0
4534.0,658,13.2,1,0.215,0
4711.0,728,11.1,1,0.54,0
4301.0,690,18.6,1,0.398,0
4950.0,769,17.6,2,0.304,1
4062.0,714,19.7,3,0.096,0
3811.0,592,0.6,2,0.182,0
5751.0,712,20.9,0,0.491,0
1408.0,448,12.1,1,0.474,0
5350.0,691,24.0,1,0.299,0
3981.0,737,15.1,2,0.526,0
5488.0,580,6.0,1,0.281,0
3880.0,574,5.1,1,0.36,0
7257.0,659,23.6,4,0.505,0
5139.0,728,4.6,1,0.476,0
4402.0,539,17.6,0,0.599,0
3092.0,579,24.6,0,0.24,1
2430.0,631,12.1,2,0.128,1
4837.0,672,5.2,1,0.599,0
4247.0,634,9.8,1,0.459,0
6489.0,556,3.4,2,0.233,0
3051.0,757,11.6,0,0.236,1
1641.0,607,17.4,0,0.29,0
3827.0,587,11.7,0,0.562,0
6658.0,634,4.3,1,0.249,0
3725.0,543,24.2,2,0.182,0
5238.0,522,8.3,3,0.223,0
6311.0,726,12.4,1,0.333,1
5466.0,572,1.7,0,0.411,0
2756.0,645,1.3,2,0.156,0
4528.0,634,8.2,2,0.249,0
3519.0,742,4.9,2,0.46,0
2329.0,738,16.7,3,0.494,0
1596.0,762,7.3,3,0.471,0
3848.0,630,22.8,1,0.043,0
2113.0,640,10.3,3,0.67,0
3099.0,454,13.1,3,0.517,0
2659.0,681,5.3,3,0.616,0
2606.0,821,18.6,3,0.11,1
5455.0,691,18.2,0,0.299,1
3778.0,687,11.2,1,0.535,1
2727.0,552,15.2,4,0.082,0
2718.0,624,20.4,0,0.435,0
2555.0,585,5.6,0,0.548,0
2608.0,694,0.3,0,0.266,0
4220.0,521,1.5,2,0.165,0
2265.0,593,0.8,0,0.093,0
3656.0,678,18.7,3,0.52,0
2974.0,688,23.0,2,0.618,0
